{
    "MAE": 1.5224926471710205,
    "MSE": 3.4876816272735596,
    "RMSE": 1.867533564567566,
    "R2": NaN,
    "test_loss": 1.0778473615646362
}