epoch,lr-AdamW,step,train_loss_epoch,train_loss_step,val_loss
,0.01,0,,,
0,,49,,0.2549145221710205,
0,,88,,,0.2834876775741577
0,,88,0.29448291659355164,,
,0.01,89,,,
1,,99,,0.2113557606935501,
1,,149,,0.22574158012866974,
1,,177,,,0.27633631229400635
1,,177,0.24255900084972382,,
,0.01,178,,,
